{
    "findings": [
        {
            "text": "Hardcoded secrets were found",
            "evidence": [
                {
                    "cell_type": "values_only",
                    "text": "",
                    "rows": [
                        [
                            "gadgets_scanners/exposure/tests/data/secret_generic/gibberish",
                            "sec************",
                            "1"
                        ],
                        [
                            "gadgets_scanners/exposure/tests/data/secret_generic/gibberish",
                            "cli************",
                            "3"
                        ],
                        [
                            "gadgets_scanners/exposure/tests/data/secret_generic/gibberish",
                            "pas************",
                            "4"
                        ],
                        [
                            "gadgets_scanners/exposure/tests/data/secret_generic/gibberish",
                            "cli************",
                            "5"
                        ],
                        [
                            "gadgets_scanners/exposure/tests/data/secret_generic/gibberish",
                            "cli************",
                            "7"
                        ],
                        [
                            "gadgets_scanners/exposure/tests/data/secret_generic/gibberish",
                            "SEC************",
                            "9"
                        ]
                    ],
                    "column_names": [
                        "Path",
                        "Evidence",
                        "Line Number"
                    ]
                }
            ],
            "conclusion": "negative"
        }
    ],
    "conclusion": "negative"
}